document_id,keyword
12571,hoe
12572,love
12573,memory
12573,mom
12574,tapes
12575,Newcastle
12575,"Newcastle fans"
12576,tears
12577,name
12578,gig
12579,pizza
12580,mid-twenties
12581,"answer text"
12581,text
12582,minx
12583,broadband
12584,weather
12585,money
12585,prom
12585,"prom shoes"
12585,shoes
12585,watch
12586,"future wife"
12586,wife
12587,love
12588,"all this money"
12588,money
12589,today
12590,Alaska
12591,person
12591,"special person"
12592,application
12593,pic
12594,bag
12594,size
12595,button
12595,"like button"
12595,twitter
12596,"annoying dog"
12596,dog
12597,captivity
12597,film
12597,"the film captivity"
12598,bleachers
12599,"GeorgeMichael tour"
12599,tour
12600,hair
12601,lies
12601,truth
12602,game
12602,"the game"
12603,club
12603,"pre game"
12604,friends
12604,love
12604,"waking hour"
12605,"mr k"
12605,"mr. k"
12606,"nipple rings"
12607,"Cahill bangs"
12607,Spurs
12608,"my pool"
12608,pool
12609,chicago
12610,dog
12611,waste
12611,"waste of time"
12612,school
12612,weekends
12613,twitter
12614,"a cheetah"
12614,assassin
12614,cheetah
12614,"Nasir Jones"
12615,gym
12615,mission
12615,today
12616,online
12617,ps3
12618,bus
12618,"the bus"
12619,"boot sale"
12620,dick
12621,"Big Apple"
12622,lotion
12622,"mothers day"
12622,perfume
12622,"sex in the city"
12623,"the volume"
12623,volume
12624,book
12624,"book cover"
12624,cover
12624,logo
12625,countdown
12626,march
12626,"to march"
12627,color
12627,dye
12627,hair
12628,problem
12629,weirdness
12629,"your weirdness"
12630,biznotch
12630,"tow truck"
12630,"white side"
12631,book
12631,leavers
12631,"leavers book"
12632,compliments
12633,friends
12634,movie
12635,course
12635,"xc course"
12636,patience
12637,"Dinosaur fighting"
12638,journey
12639,stars
12640,help
12641,friday
12641,work
12642,cards
12642,king
12643,enemy
12643,"own worst enemy"
12644,Amsterdam
12644,"guitar effects"
12644,song
12645,weekend
12646,"any suggestions"
12646,suggestions
12647,reason
12647,world
12648,love
12649,bicycle
12649,"gravel parking lot"
12650,book
12650,event
12650,fanbase
12650,physics
12650,"quantum physics"
12650,"Stacey Solomon book"
12650,"Stacey Solomon book event"
12651,weekend
12652,"Funky girl"
12652,girl
12652,trance
12653,dance
12653,"dance moves"
12654,gun
12655,tonight
12656,"best couples"
12656,couples
12657,gun
12657,"gun show"
12658,"good luck"
12658,luck
12659,love
12660,bicycle
12660,garbage
12660,"garbage truck"
12660,truck
12661,twitter
12662,car
12662,kids
12663,"random White guys"
12663,"white guys"
12664,"Waka Flocka"
12665,"paint shopping"
12665,"spray paint shopping"
12666,"couple shots"
12666,shots
12667,love
12667,"your love"
12668,boxtree
12668,"boxtree park"
12668,park
12669,people
12669,"white people"
12670,channel
12670,"what channel"
12671,gift
12671,"my gift"
12672,mistakes
12673,computer
12673,cookies
12673,niece
12674,"a bed"
12674,bed
12675,crisis
12675,"discovery channel"
12675,japan
12675,"nuclear nightmare"
12676,Safari
12676,"Safari browser"
12677,finger
12677,thumbs
12678,"inner cake"
12679,tv
12680,building
12681,bed
12682,England
12682,trips
12683,college
12683,"college seniors Graduating"
12683,seniors
12683,"seniors Graduating"
12684,burises
12685,belly
12685,"my belly"
12686,lex
12686,"lex luger"
12686,luger
12686,VA
12687,cut
12687,wolfman
12688,"a love"
12688,love
12689,omelette
12689,quiche
12690,lies
12690,relationship
12690,secrets
12691,costumes
12691,pranks
12692,"black shatter"
12692,coat
12692,colours
12692,"Katy Perry"
12692,"OPI colours"
12692,shatter
12692,"top coat"
12693,jazz
12694,chicago
12694,hellboy
12694,women
12695,"Boss's wife"
12695,wallpaper
12695,wife
12696,alex
12696,song
12696,"working progress"
12697,rain
12698,stamp
12699,chief
12700,"fun videos"
12700,pay
12700,"pay per view"
12700,videos
12701,today
12702,ages
12702,cinema
12702,movie
12702,today
12703,days
12704,money
12705,"Maury show"
12706,question
12707,english
12707,germany
12708,background
12709,building
12710,loop
12711,albums
12712,job
12713,"800 followers"
12713,followers
12714,guys
12715,aliens
12715,moment
12715,situation
12716,grubuniversity
12716,SoSerius
12717,text
12718,"my timeline"
12718,timeline
12719,bed
12720,girl
12721,"Arabic name"
12721,girl
12722,concert
12722,Justin's
12723,DONE!!!
12723,exam
12723,"last exam"
12723,"law school"
12724,car
12724,"car dealership"
12724,dealership
12725,artwork
12726,place
12727,air
12727,"lots of radiation"
12727,radiation
12728,sweetness
12729,dad
12730,panties
12731,penis
12731,slut
12731,"toliet slut"
12732,work
12733,"Grady's dog"
12734,crib
12735,Friday
12735,Glee's
12735,"Glee's version"
12736,parents
12737,"dividing line"
12737,failure
12737,success
12737,time
12738,followers
12739,finale
12739,Fringe
12739,work
12740,ok
12741,demands
12741,heart
12741,love
12741,rules
12742,inspection
12742,"inspection sticker"
12742,sticker
12743,infection
12744,interview
12744,thanks
12744,today
12745,"Entire trinity"
12745,trinity
12746,music
12747,psychiatrist
12748,cleaning
12749,thunder
12750,drink
12751,Courtneyy
12751,"Myy cuzin"
12752,world
12753,Gunz
12753,"Lil Wayne"
12753,superman
12754,headphones
12754,"the headphones"
12755,love
12755,"the love"
12756,Chicago
12756,trip
12757,mirror
12757,Trust
12758,"God's way"
12758,protection
12758,Rejection
12759,Taurus
12760,boy
12760,"Jay's face"
12760,"Popular boy"
12761,poet
12761,sap
12761,skipper
12762,song
12762,"Teena Marie"
12763,film
12764,bastard
12765,friends
12766,life
12766,"my life"
12767,weekend
12768,wedding
12769,artist
12770,"Newton Heath shirt"
12770,shirt
12771,"false sense"
12771,fatigue
12771,"healthy diet"
12771,hunger
12772,"Bachmann money"
12772,money
12773,password
12774,interviews
12774,"Jon B Jovi"
12775,point
12776,Chillies
12776,garlic
12776,peppers
12776,"spicy food"
12777,bestfriends
12777,weather
12778,family
12779,"next semester"
12779,party
12779,pigeon
12780,maury
12780,"maury show"
12780,show
12781,commitment
12781,congratulations
12782,audience
12782,"audience reaction"
12782,child
12783,husband
12783,jobs
12783,"wifes husband"
12784,Christians
12784,"Damon Thompson"
12784,obsession
12785,decision
12785,"right decision"
12786,"sea change"
12787,speller
12788,location
12788,"mystery location"
12789,corpse
12789,passenger
12790,iPhone
12790,"iPod touch"
12791,movies
12792,bike
12792,"knee surgery"
12793,"bday wish"
12793,wish
12794,college
12795,"good weekend"
12795,weekend
12796,"my friend"
12796,specialties
12797,ok
12798,"chrstopher lee"
12798,dracula
12799,bitches
12800,couple
12800,McCartney
12800,"Nancy Shevell"
12800,Paul
12801,weekend
12802,cookies
12803,Facebook
12804,crisps
12804,lager
12805,relationship
12806,"bitter suffering"
12806,deserts
12806,God
12807,flights
12808,"cmg video blog"
12808,graphics
12808,"video blog"
12809,"the world"
12809,world
12810,Facebook
12810,photos
12811,drama
12812,day
12812,mothers
12812,"mothers day"
12813,kitty
12814,love
12815,trip
12816,Greyson
12816,"Greyson Chance"
12817,heartline
12818,thanks
12819,home
12820,friday
12821,minute
12821,world
12822,pool
12823,"80's baby"
12823,baby
12824,school
12825,evidence
12825,"serious charges"
12826,weekend
12827,confirmation
12827,"confirmation page"
12828,word
12828,"word tiff"
12829,blonde
12829,hair
12829,Justin
12830,rapper
12831,accent
12831,"lil accent"
12832,children
12832,"children farms"
12832,"Stephen Hawking's family"
12832,"the Rolling Stones"
12833,friday
12833,"happy friday"
12834,penis
12835,home
12836,dogs
12836,"facial expressions"
12837,"biggest bird"
12837,bird
12838,cocktails
12838,finals
12839,crib
12839,crib.
12839,Xbox
12840,life
12841,history
12841,"intellectual history"
12842,internet
12843,box
12843,color
12843,crayon
12843,"the brightest crayon"
12844,money
12845,basement
12845,dice
12845,wizard
12846,love
12847,bug
12847,world
12848,homie
12849,stuff
12850,audience
12851,Judas
12851,Judas.
12851,love
12852,love
12853,love
12854,apps
12854,phone
12855,grades
12855,"my grades"
12856,luck
12857,weekend
12858,California
12858,drive
12859,blackberry
12860,money
12860,schedule
12860,teams
12861,birds
12861,neighborhood
12861,sun
12862,sister
12863,summer
12863,"summer time"
12863,time
12864,"a great day"
12864,day
12865,love
12866,baby
12866,"thread baby"
12867,love
12868,shoutout
12869,vote
12870,brum
12871,check
12872,phone
12873,love
12874,look
12875,"maury show"
12876,exams
12876,homework
12877,everything
12877,mom
12877,thanks
12877,world
12878,commercial
12878,review
12878,"The Dilemma"
12879,love
12879,"real love"
12880,wait
12881,Labour
12882,house
12882,"Sam house"
12883,repeat
12884,atheists
12884,Christians
12884,pets
12885,weekend
12886,answers
12886,Dreams
12886,questions
12887,"no study"
12887,study
12888,mousse
12889,word
12890,"mothers day"
12890,presents
12891,movie
12891,predator
12892,"fun videos"
12893,broadway
12893,EX
12893,"Mc Donalds"
12894,truth
12895,laughter
12896,daddy
12897,job
12898,bikers
12899,self-forgiveness
12900,heart
12900,"my heart"
12901,Love
12901,murder
12902,Justin
12902,mom
12903,"Gold digging"
12904,"incorrect password"
12904,password
12905,"great weekend"
12906,ok
12907,georgetown
12908,"Easter Bunnies"
12909,band
12909,followers
12910,family
12911,secret
12911,"secret of life"
12911,"the secret of life"
12912,internet
12913,nail
12914,pier
12915,devil
12915,hell
12916,baby
12917,ideas
12918,"don't like my friends"
12918,friends
12919,chicken
12919,food
12919,peppers
12919,prawns
12920,"burger king"
12920,mcdonalds
12921,"my range"
12921,range
12922,"living room"
12922,maid
12923,room
12924,case
12925,"fetal position"
12925,quad
12926,"great interwebs ninja"
12926,interwebs
12927,work
12928,"mom's work"
12928,wifi
12929,movie
12929,ozone
12930,link
12930,Luis
12930,video
12930,"Waterloo road"
12931,Ponderosa
12932,lifeguard
12932,pool
12933,tools
12933,"tools of their tools"
12934,"chinese food"
12934,"Courtney's birthday"
12935,winter
12936,showcase
12937,prototype
12937,"skinny fit"
12937,week
12938,Americans
12938,Osama
12939,frame
12939,"Larry spirit"
12939,"new scene"
12940,footlocker
12940,"footlocker floors"
12941,"Digital textile print designers"
12941,print
12942,cancer
12942,summer
12943,clip
12943,role
12943,window
12944,"my vehicle"
12944,ride
12945,judge
12946,tonight
12947,fighter
12948,concert
12948,"jack Johnson"
12948,Johnson
12949,police
12950,caffiene
12950,coke
12950,"diet coke"
12950,latte
12950,rockstar
12950,"sugar free rockstar"
12951,profession
12952,burger
12952,"turkey burger"
12953,coupons
12953,"free coupons"
12953,"free slot play"
12953,"players card"
12953,"slot play"
12954,aladdin
12955,life
12956,morning
12957,"top ten"
12958,phone
12959,chance
12959,destiny
12959,"determined soul"
12959,fate
12960,"broken heart"
12960,feelings
12960,"The truth"
12960,truth
12961,epic
12961,"epic world"
12961,world
12962,chicken
12963,gold
12964,hairdressers
12964,School
12964,wax
12964,work
12965,love
12966,relationships
12967,birthday
12967,weekend
12967,"WORST birthday"
12968,kid
12968,"perfect guy"
12968,wife
12969,followers
12970,march
12970,"weed march"
12971,kittens
12972,interview
12973,drums
12974,LiveProfile
12975,thanks
12976,weekend
12977,thanks
12978,dress
12978,"this dress"
12979,downloads
12980,share
12981,camera
12982,defense
12982,guns
12982,invasions
12983,homie
12984,computer
12985,Charms
12985,"Lucky Charms"
12986,hospital
12987,Lorna
12987,lunch
12987,sleeve
12988,"cell phones"
12988,"Mobile web session"
12988,web
12989,weekend
12990,"Amusing phonecall courtesy"
12990,courtesy
12990,phonecall
12991,night
12992,airport
12992,"english pub"
12992,"false heritage"
12992,heritage
12992,pub
12992,shift
12993,bar
12993,"red shoes"
12994,"dance stick"
12994,Kiddo
12994,ribbons
12995,areas
12995,body
12995,"sexual areas"
12995,weapon
12996,family
12997,argument
12997,females
12997,"last word"
12997,man
12998,bar
12998,"free bar"
12999,ground
13000,Birthday
13000,Disney
13000,"Disney Princess Party"
13001,"rolling stones"
13001,song
13002,burgundy
13002,girls
13002,"gold hair"
13002,grade
13003,friends
13003,"Greetings friends"
13003,"refreshing drink"
13003,weekend
13004,twitter
13005,phone
13006,HANSON
13007,"own business"
13007,"their own business"
13008,hand
13008,"hand writing"
13009,actor
13009,dyslexia
13009,"Patrick Dempsey"
13010,batter
13010,"cake batter"
13010,salmonella
13011,"13. 7 million americans"
13011,Americans
13011,jobs
13011,Washington
13012,Birthday
13012,cakes
13012,name
13013,yogurtland
13014,MVP
13014,team
13015,name
13016,love
13017,throat
13018,reaction
13019,"17 yr olds"
13020,joke
13020,"urine joke"
13021,"AV result"
13022,blazers
13023,china
13023,people
13024,course
13024,"of course"
13025,bros
13025,"my folowers"
13025,twitter
13026,mention
13027,life
13027,love
13027,"my life"
13028,ok
13029,thanks
13030,"ballot papers"
13031,ashanti
13032,"Los Lunas"
13033,weekend
13034,lunch
13035,love
13036,birthday
13036,"birthday tweet"
13036,tweet
13037,match
13038,chick
13038,HS
13039,"American employers"
13039,employers
13039,"job market"
13039,workers
13040,thanks
13041,Erie
13041,pace
13041,speed
13042,mind
13042,"my mind"
13043,course
13043,"of course"
13044,chance
13045,beach
13046,football
13047,daughter
13048,hospital
13049,GWAR
13049,photos
13049,richmond
13050,love
13051,"mind process"
13052,campaign
13052,"no bitchassness campaign"
13053,blog
13053,"Great post"
13053,recognition
13054,London
13054,Scotland
13055,computer
13056,face
13056,"the face"
13057,"english class"
13058,college
13059,gym
13059,school
13059,training
13060,"shrink url option"
13060,URL
13061,shop
13062,checkout
13063,tweet
13064,bitch
13064,shorts
13065,bitch
13066,pixie
13067,fight
13068,kiss
13068,love
13068,sex
13069,love
13070,money
13071,everyone
13072,assistant
13072,"dental assistant"
13072,dentist
13073,summer
13074,sender
13075,touch
13076,profile
13077,ticket
13078,"best friends"
13078,friends
13079,fire
13080,divorce
13080,"paul macaroni"
13081,"latenight workout tip"
13082,thanks
13083,twitter
13084,world
13085,love
13086,bedroom
13086,"palm trees"
13086,UK
13087,Cancer
13087,cycles
13087,journey
13087,life
13088,speech
13088,"your speech"
13089,"William Craig Fugate"
13090,thanks
13091,twitter
13092,snakes
13093,people
13094,ok
13095,dreams
13096,movies
13097,"stylist model creative director"
13098,appointment
13099,content
13099,face
13099,mood
13099,"mood theme"
13099,theme
13100,ladies
13101,Money
13102,follower
13103,bank
13104,chick
13104,"lower back"
13104,tattoo
13105,moment
13106,shooter
13107,sticks
13108,member
13109,today
13110,weekend
13111,worry
13112,"Fast Five HD"
13112,giveaway
13113,sex
13114,evolution
13114,planet
13115,mommadukes
13116,man
13117,MC
13117,motivation
13117,song
13118,hair
13118,weekend
13119,bear
13120,care
13121,shout
13122,archie
13123,Birthday
13124,"Etiquette & Espionage"
13124,School
13124,series
13124,"The Finishing School series"
13125,floor
13125,"the floor"
13126,pain
13126,"the pain"
13127,finals
13128,weekend
13129,bed
13130,tweets
13131,life
13131,"such is life"
13132,Child
13132,"Child labor"
13132,labor
13133,majority
13133,"overall majority"
13134,crib
13135,vampire
13136,bruise
13136,CLUE
13137,faith
13138,fuck
13139,foreigner
13140,topic
13140,"trending topic"
13141,"fat comparison charts"
13142,driver
13142,"taxi driver"
13143,"ipod headphones"
13143,"static electricity"
13144,love
13145,"Video game"
13146,cousins
13147,call
13148,weekend
13149,"fake people"
13150,"end of time"
13150,time
13151,mate
13152,final
13152,History
13152,"mid term paper"
13153,Malibu
13154,head
13154,"my head"
13154,"Tim Dog"
13155,song
13156,cricket
13156,"cricket ball"
13157,brain
13158,working
13159,studio
13160,bitch
13161,twitter
13162,album
13163,charms
13164,story
13165,boy
13165,girl
13165,rain
13165,song
13165,sunshine
13166,world
13167,campus
13167,"umes campus"
13168,college
13169,coconut
13169,"coconut skins"
13170,wedding
13171,cards
13171,Day
13171,"Mother's Day cards"
13172,memory
13172,option
13173,way
13174,fella
13175,people
13175,scream
13176,track
13177,time
13177,"waste of time"
13178,deal
13179,thanks
13180,"jazzfest ticket"
13181,challenges
13181,mate
13181,weekend
13182,grill
13183,love
13184,train
13185,"crew member"
13185,tickets
13186,facebook
13186,tweet
13187,art
13187,"Interesting art"
13188,"my room"
13188,room
13189,couch
13189,"first time"
13190,balls
13190,runs
13191,finish
13191,work
13192,"see the stage"
13192,stage
13193,"opera song"
13193,song
13194,meeting
13194,"Senator Kirk's office"
13195,"in the woods"
13195,woods
13196,love
13197,Ohio
13197,skull
13198,camel
13198,"camel gob"
13199,people
13200,beach
13201,"job offer"
13201,offer
13202,love
13203,boy
13203,"typical boy"
13204,bidding
13205,navy
13205,"official media"
13206,night
13207,ability
13207,pride
13208,israeli
13209,love
13210,everything
13210,world
13211,brother
13211,maniacs
13212,"Bee Gees"
13212,"Last Song Syndrome"
13212,Tragedy
13213,twitter
13214,fam
13215,Conversations
13215,night
13216,ladies
13216,wrist
13217,"96 followers"
13217,followers
13218,"change for nobody"
13218,"my own skin"
13218,nobody
13218,skin
13219,"No problem"
13219,problem
13220,blackberry
13221,class
13222,pictures
13222,"tumblr account"
13222,wisdom
13223,NewsYork
13224,tolls
13225,name
13225,nuts
13225,song
13226,Jesus
13226,seniors
13226,"worst behaved class"
13227,image
13228,laundry
13229,child
13229,clothes
13229,kids
13230,"Nitin Sawhney"
13230,"Royal Albert Hall"
13231,river
13231,wilderness
13232,decisions
13233,hair
13233,make-up
13233,"my hair"
13233,"Prom day"
13234,"next week"
13234,week
13235,liquid
13235,phone
13236,"'s faith"
13236,child
13236,"child's faith"
13236,"Nominal Christian parents"
13237,plate
13238,cheese
13238,mood
13238,"peanut butter"
13239,sleep
13240,"birthday weekend"
13240,weekend
13241,beat
13242,customers
13242,dance
13242,store
13242,thriller
13243,Cobradora
13243,"Cobradora mode"
13244,block
13245,girls
13246,leave
13247,ok
13248,sneaker
13248,"sneaker kick"
13249,collage
13250,love
13251,rabbit
13251,"winter coat"
13252,rapper
13253,lunch
13254,dresser
13254,hair
13254,"hair dresser"
13255,state
13256,father
13257,Leo
13257,life
13257,"their life"
13258,storm
13259,alarm
13260,line
13261,hours
13262,god
13262,son
13262,"son of the god of thunder"
13262,"the son of the god of thunder"
13262,THOR
13262,thunder
13263,death
13263,iPod
13263,"peaceful death"
13264,husband
13264,taping
13264,Toronto
13264,"your show"
13265,truth
13266,exams
13267,"no reminder"
13267,reminder
13268,"best food spots"
13268,"fat people"
13269,eye
13269,star
13270,love
13270,"price tag"
13271,tonight
13272,money
13272,occupation
13273,research
13273,"research paper"
13274,"liberty toolbox"
13275,"first time"
13276,twitter
13277,bitch
13277,"fake ass bitch"
13278,"louie suitcase"
13279,problem
13280,love
13281,sharing
13282,gym
13283,hug
13283,kiss
13283,love
13284,maid
13285,essay
13286,twitter
13287,friends
13288,customers
13289,love
13290,video
13291,control
13292,pizza
13293,season
13294,"hair stylists"
13294,"ugly ass styles"
13295,mood
13296,internet
13297,lesson
13298,heart
13299,originals
13300,heck
13301,ehrens
13301,pipes
13301,whitelife
13302,time
13303,cd
13303,"collection cd"
13304,love
13305,morning
13306,party
13307,fine
13308,love
13309,thanks
13310,"one more week"
13310,patience
13310,shop
13310,"shop. the 14th of May"
13310,"the 14th of May"
13310,week
13311,mate
13311,soul
13311,"soul mate"
13312,stuff
13313,something
13314,weather
13315,eye
13315,tooth
13316,world
13317,love
13318,people
13319,work
13320,love
13321,eyes
13321,goodbye
13321,"your eyes"
13322,love
13323,paper
13324,killer
13325,max
13326,bed
13327,songs
13328,drinking
13329,"Best sleep"
13329,sleep
13330,hotel
13331,"fabulously naughty weekend"
13331,"naughty weekend"
13332,roll
13333,college
13333,"college graduate"
13334,mind
13335,power
13336,week
13337,class
13337,sleep
13338,twitter
13339,ticket
13340,city
13341,card
13341,credit
13341,"credit card"
13341,nail
13341,"nail salon"
13341,salon
13342,talk
13343,gift
13344,leave
13345,peace
13346,school
13347,love
13348,budget
13349,fight
13349,"great fight"
13350,FF
13351,love
13352,school
13353,smoking
13354,church
13355,everyone
13356,fine
13357,thanks
13358,"dance routine"
13358,"Maria Carey"
13358,radio
13359,phone
13360,love
13361,"long time"
13361,time
13362,weather
13363,surgery
13364,lady
13365,ages
13365,Males
13366,breakfast
13367,twitter
13368,cheers
13369,baby
13370,interview
13371,love
13372,blame
13372,"brunt of the blame"
13372,cutbacks
13373,school
13374,"bat life"
13374,laptop
13374,life
13374,phone
13374,"smart phone"
13375,"finals week"
13375,flu
13375,minute
13376,iphone
13376,"iphone 4"
13377,Life
13378,phone
13379,PDA
13380,birmingham
13381,cronulla
13381,school
13382,Toronto
13382,Yellowknife
13383,heart
13383,Inspiration
13383,mind
13384,NHS
13384,"NHS reforms"
13385,blackberry
13386,"offline playstation"
13386,playstation
13387,"cheap gas"
13387,gas
13387,"summer people"
13387,"summer people."
13388,beach
13388,"damn BEACH"
13389,Caribbean
13389,Pirates
13389,"Pirates of the Caribbean"
13390,MySpace
13391,cops
13391,drug
13391,"drug search"
13391,Emporia
13392,FB
13392,"FB wall"
13393,Hagar
13393,"Hagar the Horrible"
13393,"Zack Galifianakis"
13394,twitter
13395,"late night"
13395,"late night phone calls"
13395,life
13395,"my life"
13395,phone
13395,"phone calls"
13396,"own video"
13397,cousin
13397,hospital
13397,"my cousin"
13398,Jedward
13398,"jedward song"
13398,Song
13399,bed
13399,life
13399,"my bed"
13400,capital
13400,"capital letters"
13400,letters
13401,day
13401,"this day"
13402,boyfriend
13403,apple
13404,Ellen
13405,condom
13406,"2 Fast 2 Furious"
13406,"Fast Five"
13406,movies
13407,stars
13407,"written in the stars"
13408,jokes
13409,"american national anthem"
13410,damage
13410,"Nick Clegg"
13411,AC
13412,"Freight train"
13412,train
13413,"Louis Tomlinson"
13414,Blogger
13414,"Blogger Service"
13414,"blogger service interruption"
13414,interruption
13414,service
13414,"Service Interruption"
13415,moldova
13415,"press conference"
13416,concert
13416,"final concert"
13416,"Mirror Lake"
13416,"Mirror Lake final concert"
13416,"study guide"
13417,"Cody simpson"
13418,bestie
13418,"funny talk"
13418,"sense of humor"
13419,"white girls"
13420,Attitude
13420,finance
13420,money
13420,"more money"
13421,friend
13421,"friend zone"
13421,girl
13421,guys
13421,man
13421,"the girl"
13422,BBQ
13422,"BBQ pringles"
13422,pringles
13423,Psychoville
13424,bill
13424,"cell phone"
13425,biatch
13425,"fat lady"
13426,Diary
13426,"diary of justin bieber"
13426,"Justin Bieber"
13426,"The Diary of Justin Bieber"
13427,"dog trainer"
13428,scales
13428,twitter
13428,"twitter name"
13429,"chem lab"
13430,"Harry Potter"
13430,"Harry Potter And The Deathly Hallows Part II"
13430,"Pirates Of The Caribbean"
13430,"The Deathly Hallows"
13431,Barcelona
13432,oxford
13433,melody
13434,"dance partner"
13434,partner
13434,world
13435,heart
13436,followers
13436,"military heroes"
13437,football
13438,centuries
13438,decades
13438,millenniums
13438,"three decades"
13438,"two centuries"
13438,"two millenniums"
13439,FANCAMS
13439,TESSA
13440,fan
13441,tomb
13441,"tomb raider"
13442,Tariane
13443,cambridge
13443,"cambridge center"
13443,center
13444,human
13444,mistake
13445,Americans
13446,Dictionary
13446,"Female Dictionary"
13447,song
13448,Hole
13448,Models
13449,hangover
13449,"hangover part 2"
13449,reviews
13450,"Angelina Love"
13450,fan
13451,United
13452,bag
13452,"your bag"
13453,"David Villa"
13454,brook
13454,oak
13454,"oak brook"
13454,woodfield
13455,INTERNET
13456,Ball
13456,"Summer Ball"
13457,Brotha
13458,CiCi's
13458,"cinnamon rolls"
13459,"a desk"
13459,"dangerous place"
13459,desk
13459,place
13459,"the world"
13459,world
13460,Barcelona
13460,"Barcelona FC"
13460,"FC Barcelona"
13460,Manchester
13460,"Manchester United"
13461,beach
13462,phone
13463,amanda
13463,money
13463,"old home"
13464,cereal
13465,"decent finisher"
13465,Loan
13465,"next season"
13465,season
13465,Sturridge
13465,"Sturridge loan Talk Welbeck next season loan decent finisher"
13465,Welbeck
13466,coach
13466,day
13466,derby
13466,home
13466,"my coach"
13466,route
13466,"route home"
13466,"route home long day coach Derby"
13467,burger
13467,Olivia
13467,"Olivia burger hahaha"
13468,Photoshop
13469,Durban
13469,fans
13469,"South Africa"
13469,"South Africa visit Durban fans"
13470,blummin
13470,"blummin job Bye-bye print"
13470,job
13470,print
13471,Antonia
13471,goddess
13471,"goddess of springtime"
13471,springtime
13472,Championships
13472,Norman
13472,Okla
13472,"Outdoor Championships"
13472,"Outdoor Championships way Norman Okla."
13473,God
13473,"God matter moment"
13473,moment
13473,"Our God"
13473,"the moment"
13474,Friday
13474,"Friday the 13th"
13475,female
13475,"female twiticon"
13475,"my TL"
13475,"Shallow Hal"
13475,"Shallow Hal min female twiticon TL"
13475,TL
13475,twiticon
13476,"names Newt Obama Newt"
13476,newt
13476,obama
13477,"bargain bucket"
13477,bucket
13477,mum
13477,"mum bargain bucket hour nightmare"
13477,nightmare
13478,beach
13479,hypocrites
13479,"hypocrites teaparty Koch lapdogs rabies vaccines mouth"
13479,lapdogs
13479,rabies
13479,"rabies vaccines"
13479,"teaparty Koch lapdogs"
13480,competitor
13480,"less competitor Sony picture"
13480,sony
13481,Fb
13481,"FB Ho's"
13481,Ho's
13481,myspace
13481,"Myspace Ho's"
13481,twitter
13481,"Twitter Ho's"
13482,"big boy"
13482,eating
13482,"eating big boy"
13483,laptop
13484,vitamin
13485,event
13485,"nice ones tomorrow event"
13486,girls
13487,boy
13487,"noty boy"
13488,facebook
13488,"facebook thought incase"
13489,birthday
13489,"EP birthday"
13489,July
13489,"that vein"
13489,"vein great things EP birthday July"
13490,Dostoyevsky
13490,Hipster
13490,"Hipster Dostoyevsky Notes underground"
13490,Notes
13490,underground
13491,buzzer
13492,amoeba
13492,goblin
13492,kid
13492,money
13492,school
13492,"School Kid Ditch Amoeba Lunch Money GOBLIN Wrist Band Show F"
13492,"wrist band"
13493,"Derek Jeter"
13493,"Derek Jeter Bobblehead"
13493,fans
13493,"head Derek Jeter Yankee Stadium Derek Jeter Bobblehead day First fans"
13493,"Yankee Stadium"
13494,Africa
13494,"future of africa"
13494,"west africans"
13494,"West Africans."
13495,aishwarya
13495,"aiswarya rai"
13495,feet
13495,"hard palate"
13495,"love aishwarya rai hard palate soft palate nasopharynx oropharynx feet palms nail beds"
13495,palate
13495,palms
13495,"soft palate"
13496,arts
13496,heart
13496,schools
13496,"schools arts heart"
13497,"5lb bag"
13497,bag
13497,cans
13497,cat
13497,"cat food"
13497,cats
13497,food
13497,geese
13497,"guy work 5lb bag cat food n cans cat food cats geese"
13497,"this guy"
13497,work
13498,college
13498,"Good thing"
13498,"new friends"
13498,"only thing time college new friends Good thing likeable person"
13499,Usher
13500,school
13501,concerts
13501,"concerts wind ensemble Wed. Sat time Wed. PM guys"
13501,ensemble
13501,"two concerts"
13501,wind
13501,"wind ensemble"
13502,pampers
13503,"Choux Pastry"
13503,"choux pastry new obsession Monkees"
13503,Monkees
13503,"new obsession"
13503,"The Monkees"
13504,xeon
13505,2012
13505,"2012 WI"
13505,GOP
13505,"GOP senator"
13505,"important thing WI GOP senator state Obamacare"
13505,Obamacare
13505,senator
13505,WI
13506,messages
13507,Dems
13507,unions
13507,"unions Dems"
13508,majority
13508,Mexicans
13508,"Mexicans new majority"
13508,new
13508,"new majority"
13509,Giants
13509,Hudson
13509,Huff
13509,"Huff RBI Giants Bye bye Hudson"
13509,"RBI single"
13510,pun
13510,"pun Tails full name"
13510,Tails
13511,"pole dancing"
13511,"pole dancing class"
13511,"Woot pole dancing class"
13512,"best way"
13512,"life best way"
13512,"living life"
13512,"my life"
13512,"the best way"
13513,activities
13513,breakfast
13513,EliKim
13513,"Good morning"
13513,Gwencanayo
13513,morning
13513,"my EliKim"
13513,"this morning"
13513,"u kisseli Good morning EliKim ^ ^ ur feel morning Gwencanayo breakfast activities Oke"
13514,tribe
13515,Ark
13515,"Ark parents last year France trip"
13515,France
13515,"france trip"
13515,parents
13516,"High School"
13516,"High School NOVA"
13516,NOVA
13517,movie
13517,Taxi
13517,"Taxi Ha movie"
13517,"Taxi Movie"
13518,Coca-Cola
13518,"Next time zoo swimming polar bears Coca-Cola"
13518,"polar bears"
13518,zoo
13519,bed
13520,"bed bugs"
13520,bugs
13520,parents
13520,"parents sleep tight font bed bugs goodnight"
13521,"world trade center"
13522,RTs
13523,bugger
13523,"bugger weeks night Royal Wedding night D"
13523,night
13523,"Royal Wedding"
13523,weeks
13524,City
13524,"Dang Top City Thursday week ish"
13524,thursday
13524,"Top City"
13524,week
13525,Djokovic
13525,Rafa
13525,tennis
13525,"tennis Rafa Djokovic %"
13526,theatres
13527,cig
13527,"grunge rock"
13527,"grunge rock band"
13527,"heavy metal"
13527,"rehearsal studio"
13527,"rock band"
13527,"state affairs heavy metal grunge rock band rehearsal studio cig"
13528,bids
13528,"bids position while prev MC"
13528,MC
13528,position
13529,India
13529,"Lamba Kothu Roti"
13529,"Little India"
13530,MTV
13530,"MTV jams"
13530,"new video"
13530,"new video da first time MTV jams entertainer living Keepn"
13530,video
13531,manchester
13531,"new york"
13531,taxi
13531,"yellow taxi"
13532,"favorite part"
13532,"favorite part member Thunder"
13532,member
13532,"the Thunder"
13532,Thunder
13533,bruise
13533,leg
13533,"massive bruise"
13533,"massive bruise n cut leg alot"
13534,Twitter
13535,"good ole lake charles"
13535,goodies
13535,"goodies good ole lake charles"
13535,"lake charles"
13536,Cleveland
13536,restaurant
13536,"restaurant space"
13536,"restaurant space ASAP Cleveland help spot"
13536,space
13537,"good moment"
13538,guy
13538,"guy tattoos weakness nice sneakers course"
13538,sneakers
13538,tattoos
13539,"Mine nipple smiley polo shirts"
13539,"nipple smiley faces"
13539,"polo shirts"
13539,"smiley faces"
13540,"1/2 men"
13540,"2 & 1/2 men"
13540,"Ashton Kutcher"
13540,"Ashton Kutcher Charlie Sheen place men"
13540,"Charlie Sheen"
13540,"Charlie Sheen's"
13541,"cheesey goodness"
13541,goodness
13541,"red wine"
13541,"red wine charge Full winey cheesey goodness Marvellous"
13541,winey
13542,beach
13543,fedex
13543,"fedex bout mailbox wit pre-ordered treasure couple dayz gotta room"
13543,mailbox
13543,"pre-ordered treasure"
13544,Abrams
13544,"Abrams spy"
13544,"Abrams spy series"
13544,"Abrams spy series episodes weeks"
13544,episodes
13544,final
13544,"final three episodes"
13544,"spy series"
13545,copies
13545,"copies place record stores locals"
13545,Goodbyeforever
13545,locals
13545,"record stores"
13546,bed
13546,dads
13546,"Dads spider killer bed dads spiders Might night"
13546,killer
13546,night
13546,spider
13546,"spider killer"
13546,spiders
13547,chipotles
13548,"Bouttaa Music Andd Finish Mah Geometry Project"
13548,"geometry project"
13548,music
13549,"HAPPY FACE"
13549,SKYPE
13550,button
13550,sample
13551,boyfriend
13551,otp
13551,Prolly
13551,"Prolly Gonna otp boyfriend"
13552,pennies
13552,slushy
13552,"slushy pennies LULZ"
13553,gameflow
13553,love
13553,"Love addition gameflow practices purpose superstar mode"
13553,superstar
13553,"superstar mode"
13554,album
13554,"The Warblers"
13554,"the warblers album"
13554,"Warblers album O Love future warblers"
13555,Charlotte
13555,"ugly weather"
13555,"ugly weather Charlotte"
13555,weather
13556,"good ole wife"
13556,month
13556,"waa good ole wife haffi wait OLE month LOL cc"
13557,Hosanna
13558,bananas
13558,Douglass
13558,"Douglass students"
13558,"Omg Douglass students bananas seniors"
13558,seniors
13558,students
13559,Twitter
13560,petition
13561,bus
13561,"Close one-lovin sweaty bus plane haha"
13561,plane
13561,"sweaty bus"
13562,"madd love"
13562,"S/O everybody StarBar Lastnight madd love &lt; wordup"
13562,StarBar
13563,Frisbee
13563,school
13563,"Stuck traffic way school Ultimate Frisbee game"
13563,traffic
13563,"Ultimate Frisbee game"
13564,country
13564,house
13565,fish
13565,"fish bit h"
13566,career
13566,college
13566,"college undergrad career"
13566,"final paper"
13567,fb
13567,man
13567,"man fb ahh bombard tumblr"
13567,"my tumblr"
13567,tumblr
13567,twitter
13568,"plaan last day school D"
13568,school
13569,"awkward moment"
13569,"awkward moment cat"
13569,cat
13570,"ah run way show November fashionistaz school things weh dem mek wear O O God"
13570,fashionistaz
13570,God
13570,November
13570,run
13570,school
13570,things
13571,"dang MGC eboard bout meeting month bittersweet"
13571,meeting
13571,"MGC eboard"
13572,Friday
13572,"Friday good luck day"
13572,"Friday the 13th"
13572,"good luck day"
13573,Spongebob
13574,Chic-Fil-A
13574,"Chic-Fil-A lemonade"
13574,"Zaxby House Salad Chic-Fil-A lemonade"
13574,Zaxby's
13574,"Zaxby's House"
13574,"Zaxby's House Salad"
13575,DK
13575,"DK niggas"
13575,niggas
13576,usa
13576,"USA Today"
13576,"USA Today site"
13577,spongebob
13577,"spongebob money"
13578,griffin
13578,library
13578,"library chillin wit griffin minute"
13578,"wit griffin"
13579,"Friday night"
13579,"Friday night sittin twitter o"
13579,twitter
13580,clothes
13580,eagle
13580,"eagle talons"
13580,feet
13580,socks
13580,talons
13580,"Ya Kissing da clothes socks eagle talons feet"
13581,"Does Steven Segal hands front cuz"
13581,hands
13581,"Steven Segal"
13582,camper
13582,cracker
13582,"for the record"
13582,record
13583,demon
13583,Racism
13583,"Racism ugly demon fact"
13584,name
13584,"name promo party name"
13584,party
13584,promo
13585,Club
13585,Gig
13585,"jazz club"
13585,punk
13585,"Punk Rock"
13585,rock
13585,"Vortex Jazz"
13585,"Vortex jazz club"
13585,"Vortex jazz club idea punk rock gig"
13586,"Body Builder"
13586,"Body Builder burger king vernon lmao"
13586,"burger king"
13586,"vernon lmao"
13587,game
13587,Sushi
13587,"sushi Might busy til game"
13588,Blood
13588,"Blood Whiskey Deadwood The Cash Deceiver"
13588,"Cash Deceiver"
13588,Deadwood
13588,"The Cash Deceiver"
13588,Whiskey
13589,Brent
13589,"Brent phone text site"
13589,phone
13589,site
13589,text
13590,"A guy crib last week TV channels Sick"
13590,channels
13590,crib
13590,guy
13590,remote
13590,TV
13591,signature
13591,"signature text message"
13591,"text message"
13592,Henry
13592,"Henry young deal Lerner thats kenny Contract"
13592,kenny
13592,"kenny Contract"
13592,Lerner
13592,"young deal"
13593,"Bill Bryson"
13593,"Bill Bryson House"
13593,"Finished reading Stephen Kings book dome months Bill Bryson House book wont"
13593,"Stephen King"
13593,"Stephen Kings"
13593,"Stephen Kings book"
13593,"Under the Dome"
13594,bed
13594,girls
13595,"national transplant list people week"
13595,people
13595,"the National transplant Waiting list"
13595,transplant
13596,Jay-Z
13596,"Jay-Z smh"
13596,Wayne
13597,printer
13598,club
13598,manager
13598,"Privileged manager club support"
13598,support
13599,burger
13599,rollie
13599,"rollie burger"
13600,Gargamel
13600,"Paul Winchell"
13600,"Paul Winchell voices Gargamel Smurfs Tigger Winnie Pooh artifi"
13600,"The Smurfs"
13600,Tigger
13600,voices
13600,"Winnie the Pooh"
13601,Ian
13602,"graphic designer"
13603,"Marine Parents Shop"
13603,"Mini Trio Headbands"
13603,"Mni Trio Headbands"
13603,"Parents Shop"
13603,"set Mini Trio Headbands Marine Parents Shop"
13603,"Trio Headbands"
13604,rooms
13604,theater
13604,"theater good amount rooms"
13605,american
13605,"American Idol Finale"
13605,"American Idol Finale Oprah same day promo"
13605,finale
13605,idol
13605,oprah
13605,"Oprah finale"
13605,promo
13606,laptop
13607,"best illusionist"
13607,illusionist
13607,Twitter
13607,"Twitter best illusionist"
13608,Brazil
13608,"Brazil king Soulja Montana"
13608,king
13608,"Soulja Montana"
13609,Canada
13609,"Canada Goose"
13609,"Canada Goose jacket"
13609,fame
13609,goods
13609,"goods Canada Goose Down Jacket fame"
13609,Goose
13609,Jacket
13609,"Jacket fame"
13610,"lovely town"
13610,Redditch
13610,town
13610,"West Midlands"
13610,"West Midlands tomorrow lovely town Redditch"
13611,Louis
13611,"Next time Louis suit O"
13611,suit
13612,anya
13612,"anya's school tie"
13612,"school tie"
13612,"school tie anya school tie"
13613,Olympics
13613,"olympics tickets"
13613,tickets
13614,"Alfie Boe"
13614,"long consideration voice Ramin Karimloo Alfie Boe"
13614,"Ramin Karimloo"
13614,voice
13615,basketball
13615,London
13615,team
13615,"yeahhh defo team basketball London"
13616,"awkward moment"
13616,"awkward moment DNA results DARTH Vader father"
13616,"DARTH vader"
13616,DNA
13616,"DNA results"
13616,father
13616,"not the father"
13616,"that awkward moment"
13617,Followers
13617,tweets
13617,"Ugh favorite followers aggy tweets"
13618,accidents
13618,"many accidents today much traffic"
13618,today
13618,traffic
13619,Senior
13619,"Senior Tag"
13619,Tag
13620,Ruben
13621,"awesome book"
13621,book
13621,hands
13621,"hands awesome book"
13622,feature
13622,phone
13622,"Shout Wifi feature phone"
13622,"Wifi calling"
13622,"Wifi calling feature"
13623,hair
13624,"last night"
13624,night
13624,street
13624,ticket
13624,"wrong side of the street"
13624,"wrong side street last night hoe ticket"
13625,Concert
13625,Dmb
13625,DMB's
13625,"DMB's concert"
13626,festival
13626,"once-a-year festival type thing radio stations"
13626,radio
13626,"radio stations"
13626,stations
13627,dress
13627,lady
13627,prom
13627,"prom dress"
13627,"prom dress lady"
13628,followers
13628,"my followers"
13628,number
13628,"sad stalker"
13628,"same number"
13628,stalker
13628,"Yayy followers same number sad stalker"
13629,"25th anniversary"
13629,"Today 25th anniversary Top Gun premiere"
13629,"Top Gun"
13629,"Top Gun premiere"
13630,"ADJ Vio Roll LED"
13630,LED
13630,stock
13630,"stock demo new ADJ Vio Roll LED"
13631,"black people"
13631,"Black people black people"
13632,"Orange Crush"
13632,"Orange Crush O"
13633,"baby girl"
13633,"baby girl Tara"
13633,graduation
13633,"thanks mama Smooches baby girl Tara Congratulations graduation"
13634,church
13634,"church scene"
13634,movie
13634,"movie cry church scene"
13635,friday
13635,"Friday Friday license Friday"
13635,license
13635,"my license"
13636,Indonesia
13636,"Indonesia fine"
13637,Australia
13637,Justin
13637,"Justin Australia woul"
13638,"Fridaythe13th movie"
13638,"Ice Cube"
13638,"Ice Cube Fridaythe13th movie"
13638,movie
13639,"big foot"
13639,Bigfoot
13639,ladies
13639,"Ladies men big foot Bigfoot"
13639,men
13640,holiday
13640,June
13640,"June holiday morning naughty children"
13640,morning
13640,"my holiday"
13640,"naughty children"
13641,"Apple Store"
13641,"Apple Store University Village dead pixel questions Great customer service"
13641,"customer service"
13641,"dead pixel"
13641,iPad
13641,"iPad 2"
13641,University
13641,"University Village"
13641,Village
13642,green
13642,"Hot pink"
13642,lime
13642,"lime green"
13642,pink
13643,bin
13643,"Breton Lays"
13643,lecturers
13643,"random extracts"
13643,"random extracts lecturers Breton Lays bin"
13644,cats
13645,friend
13645,heart-to-heart
13645,"old friend"
13646,Harry
13647,clothes
13647,fabric
13647,"ugly clothes"
13647,"waste fabric"
13648,earth
13648,"middle passage"
13648,"middle passage scariest place earth"
13648,"scariest place"
13649,posters
13649,"the posters"
13650,name
13650,Pandora
13650,"Pandora name street"
13650,street
13651,GAME
13651,"GAMEFACTORYENT. COM"
13651,"Hop The Movie Nintendo DS GAME RENTAL ONLY AT GAMEFACTORYENT. COM"
13651,Movie
13651,Nintendo
13651,RENTAL
13651,"The Movie"
13652,humor
13652,"sense of humor"
13652,"white families"
13652,"white families best sense humor ones"
13653,Comics
13653,Newbury
13653,"Newbury Comics"
13653,riot
13653,"riot Newbury Comics"
13654,"Anna Coren"
13654,"anna koren"
13654,"creepy statement"
13654,"creepy statement bout Anna Coren outstanding journalist TV"
13654,journalist
13654,"outstanding journalist"
13654,statement
13654,TV
13655,websites
13656,"cool rain aint room cuz goin other direction window tho"
13656,rain
13656,room
13656,window
13657,blanket
13657,"good start"
13657,phone
13657,"Phone blanket Good start today"
13657,today
13658,clingfilm
13658,"clingfilm deep conditioning hair case"
13658,hair
13658,"my hair"
13659,dookie
13660,Rio
13660,"Rio Grande"
13660,water
13660,"water Rio Grande ohmygeeeesh dyingggg"
13661,elevator
13661,"Got elevator trainer other colleagues today Fartilicious"
13661,"other colleagues"
13661,today
13661,trainer
13662,Claire
13662,"claire atkins Claire USC alumni group"
13662,"USC alumni group"
13663,Columbia
13663,radio
13663,"radio Columbia today"
13664,dinner
13665,hero
13665,"local hero"
13665,spring
13665,"spring summer"
13665,summer
13665,"summer local hero"
13665,"wrangler europe spring summer local hero"
13666,break
13666,"break day Thanks God"
13666,day
13666,God
13666,"my break"
13666,"my day"
13667,advil
13668,jeans
13668,skinny
13668,"skinny jeans"
13669,hill
13669,laurel
13669,oxon
13669,"oxon hill"
13670,school
13670,"special school"
13671,DJ
13671,"DJ Play Girl A Love Song Jamie Foxx"
13671,"Jamie Foxx"
13671,"love song"
13671,"this girl"
13672,balls
13672,"balls Fresh Balls announcer shame"
13672,"Fresh Balls announcer"
13672,"no shame"
13672,"The Fresh Balls"
13672,"The Fresh Balls announcer"
13673,Drake
13673,"Drake future rap ion care"
13673,rap
13674,"lil hungover"
13674,sleep
13674,streets
13674,"Ugh lil hungover wit 4hrs sleep runnnin streets"
13675,pedophiles
13675,People
13675,"People restrictions private parts taboos pedophiles limits minds"
13675,"private parts"
13675,restrictions
13675,taboos
13676,females
13676,niggas
13677,episode
13677,Tina
13677,"week episode last weeks Tina"
13678,"Anyone Llanelli rfc Swansea score"
13678,"Llanelli rfc"
13678,score
13678,Swansea
13678,"Swansea score"
13679,"Everyone Friday PAYDAY"
13679,friday
13679,"Friday the 13th"
13679,payday
13680,cape
13680,men
13680,"men advantage nothing Superman cape pee-pees"
13680,"Superman cape"
13681,"Hunt Club"
13681,"Hunt Club traffic traffic"
13681,traffic
13682,"bare sleep"
13682,moods
13682,night
13682,"night moods"
13682,sleep
13683,blood
13683,"blood possible tiring home collapses"
13683,home
13684,books
13684,kindle
13685,Alliance
13685,DEL
13685,"Dept of Health"
13685,"dreaded dept Health DUP poor Alliance DEL"
13685,DUP
13685,health
13686,"Grade 5"
13686,"Grade 5 class"
13686,"Mr M"
13686,"Mr M Grade class"
13687,Blogs
13687,"Ugh Anyone Hate Windows Updates Whole Blogs Worth Useless Words &lt; /"
13687,"Useless Words"
13687,Windows
13687,"Windows Updates"
13687,Words
13688,"feeling roots P"
13688,roots
13689,"comfortable drivin mexico license"
13689,"license plates"
13689,mexico
13689,"mexico license plates"
13690,bed
13690,bed.
13690,dogs
13690,Storms
13691,GOD
13691,"GOD LOVE"
13692,bob
13692,"Cue guitar"
13692,"Cue guitar."
13692,magic
13692,message
13692,name
13692,"name bob message Cue guitar magic"
13693,dream
13693,"dream night pair kings street"
13693,night
13694,movie
13694,"Movie Point"
13694,point
13695,day
13695,school
13695,"school day"
13696,birthday
13696,button
13696,"button happy birthday FB love"
13696,FB
13696,"happy birthday"
13697,"balsamic vinegar"
13697,"balsamic vinegar taste"
13698,"steak sandwiches"
13699,"AC power"
13699,"Does vibrator run AC power"
13699,power
13699,vibrator
13700,calories
13700,"calories calories"
13701,child
13701,elephant
13701,"elephant child"
13701,"grand entrance"
13701,May
13701,Nelly
13701,"Nelly elephant child grand entrance Wednesday 18th May"
13701,Wednesday
13702,fruit
13702,"fruit doe"
13702,"little fruit"
13702,sentence
13702,"sentence kid jinx little fruit doe"
13703,"jeffy's birthday"
13703,"mini panic attack jeffy birthday week"
13703,"panic attack"
13704,Numbers
13704,USA
13704,"USA business"
13704,"USA JOBS"
13704,"WANT HOW MANY USA JOBS USA business EVERY YEAR BY WHOM years Numbers"
13705,"blow job"
13705,job
13705,passion
13705,"person passion blow job"
13706,"my room"
13706,room
13707,Dreams
13708,brain
13708,"human body"
13709,laptop
13709,"new laptop"
13709,"new tutorial"
13709,tutorial
13710,Apple
13710,"Apple shop"
13710,Lego
13710,"Lego shop"
13710,shop
13711,Dayton
13712,Bianca
13713,bench
13714,games
13714,house
13715,Bob
13715,"Bob Dylan"
13715,"Bob Dylan bot"
13715,Dylan
13715,"Dylan fan"
13716,carpet
13716,"carpet cleaner"
13716,cleaner
13716,"good carpet cleaner"
13717,inspiration
13718,boys
13719,fans
13720,browsers
13721,game
13722,tweets
13723,Facebook
13723,"facebook status"
13724,"Fleetwood Mac"
13725,Niggas
13726,Camp
13726,"Camp Creek"
13726,Hangover
13726,"The Hangover Part II"
13727,"da toilet"
13727,phone
13727,toilet
13727,"yo phone"
13728,Belt
13728,"big boy"
13728,"Big Boy Pants"
13728,pants
13729,flowers
13730,bestfriend
13731,Jack
13731,"Uncle Jack"
13732,car
13733,ham
13733,"ham juice"
13733,juice
13734,mall
13735,Cat
13735,"cat daddy"
13735,"cat daddy session"
13736,Joplin
13736,pictures
13737,house
13738,stadium
13738,"wembly arena"
13738,"wembly stadium"
13739,girl
13739,Jordan
13739,"Jordan's girl"
13740,style
13741,hair
13741,purse
13741,"real women"
13742,friends
13743,attention
13744,Earth
13745,Cup
13745,soccer
13745,UEFA
13745,"UEFA Cup"
13745,"UEFA Cup Final"
13745,"UEFA Final"
13745,"World Cup"
13745,"World Cup."
13746,mall
13747,SIVA
13748,Cyclops
13748,X-Men
13748,"X-Men films"
13749,Paseo
13749,"Paseo Fest"
13750,beer
13750,"beer festival"
13750,festival
13751,Miley
13751,Selena
13752,Evernote
13752,gods
13753,champion
13753,"champion league"
13753,league
13754,Mike
13754,"Mike Posner"
13754,Nelly
13754,Posner
13755,Maxy
13756,friendship
13757,man
13758,advice
13758,"dating advice"
13758,karaoke
13758,"shania twain"
13759,"guest room"
13760,Sweden
13761,life
13761,people
13762,epicentrum
13762,liquid
13762,"liquid epicentrum"
13763,English
13764,Miley
13764,Nick
13765,mommy
13766,football
13766,"my team"
13766,team
13767,Eden
13768,glee
13769,Barcelona
13769,"Manchester United"
13770,feet
13770,nails
13771,plans
13772,"reggie mayne"
13773,wheels
13774,Ronny
13775,List
13776,tweeters
13777,facebook
13777,twitter
13778,Jazmyn
13778,Jazmyn's
13778,Justin
13779,concert
13779,dream
13779,"live concert"
13780,music
13781,"kinder cereali"
13782,crazy
13782,"crazy girl"
13782,girl
13783,waffles
13784,fool
13785,logo
13786,club
13786,"fully clothed strippers"
13786,Oakland
13786,"strip club"
13786,strippers
13787,"black girls"
13787,girls
13788,cash
13789,mouth
13789,phone
13790,human
13790,"human race"
13791,"champions league"
13791,"champions league final"
13791,final
13792,name
13792,Tom
13792,"your name"
13793,fingers
13793,"middle fingers"
13794,sense
13794,tweet
13795,dirt
13795,lens
13796,dad
13797,brother
13798,idol
13798,Justin
13799,virgin
13800,"piink spoons"
13800,spoons
13801,grandma
13801,weather
13802,bride
13803,Barcelona
13803,"Manchester United"
13804,iPad
13805,"Gerald walker"
13805,melodies
13805,tape
13806,Rainbow
13807,"new things"
13807,things
13808,church
13808,graduation
13808,"high school"
13808,"Rudder High"
13809,tv
13810,cinci
13811,"R. Kelly"
13811,"R. Kelly remix"
13811,remix
13812,angel
13812,"angel locsin"
13812,locsin
13813,"lionel messi"
13814,"Frank Zappa"
13815,Beliebers
13815,Brazil
13815,Justin
13815,"Justin & Beliebers"
13816,saturdays
13817,"Bad bitch"
13817,bitch
13818,"hot men"
13818,men
13819,"Invisible Splinter"
13819,splinter
13820,girl
13820,respect
13821,boy
13821,"goofy little boy"
13821,"little boy"
13822,computers
13823,"Daily Mail"
13823,Mail
13824,"national treasure"
13825,match
13826,match
13827,wisconsin
13828,Campaign
13828,DEMI
13828,"DEMI PROMO CAMPAIGN"
13828,Promo
13828,"PROMO CAMPAIGN"
13829,belt
13829,"tight belt"
13830,grad
13830,project
13830,"project grad"
13831,girl
13831,"little girl"
13832,Wembley
13833,album
13834,iPad
13834,"new iPad"
13834,plane
13835,Emma
13836,chick
13837,event
13838,joe
13838,leo
13839,movie
13840,city
13841,crew
13841,friends
13841,group
13841,"group of friends"
13842,fan
13842,"Man U fan"
13843,beach
13844,"Keith Kanz"
13844,shower
13845,funerals
13846,pillow
13847,"cold Air"
13847,window
13847,window.
13848,avatar
13849,house
13849,"house phone"
13849,phone
13850,"spelling mistake"
13851,Mac
13851,PC
13852,time
13852,"time traveler"
13852,traveler
13853,song
13854,"cali sun"
13854,"Little sleep"
13854,sleep
13854,sun
13855,Show
13855,"Talent Show"
13856,Dongwoon
13857,MTV
13858,Women
13859,car
13859,"car guards"
13859,guards
13860,park
13860,pole
13860,"public park"
13860,tetherball
13860,"tetherball pole"
13861,"biggest game"
13861,game
13861,"Manchester United"
13862,cinema
13862,nightmares
13863,Pictures
13864,matress
13864,Swift
13864,Taylor
13864,"Taylor Swift"
13865,Arena
13865,Motorpookt
13865,"Motorpookt Arena"
13866,bitch
13866,"crazy bitch"
13867,computer
13868,Cali
13868,Vegas
13869,secret
13870,"deaths in Joplin"
13870,Joplin
13870,tornado
13871,busch
13871,"busch gardens"
13871,gardens
13872,"100% woman"
13872,woman
13873,stone
13874,coffee
13875,jeezy
13875,"new Jeezy"
13876,"cute name"
13876,name
13877,chennai
13877,dhoni
13877,superman
13878,panther
13879,Opus
13880,Khloe
13880,"Khloe and Lamar marathon"
13880,Lamar
13880,marathon
13881,bird
13882,McCoy
13882,Troughton
13883,bottle
13883,milk
13884,Money
